"日期","收盘","开盘","高","低","交易量","涨跌幅"
"2024-12-31","250.42","252.44","253.28","249.43","39.48M","-0.71%"
"2024-12-30","252.20","252.23","253.50","250.75","35.56M","-1.33%"
"2024-12-27","255.59","257.83","258.70","253.06","42.36M","-1.32%"
"2024-12-26","259.02","258.19","260.10","257.63","27.26M","0.32%"
"2024-12-24","258.20","255.49","258.21","255.29","23.23M","1.15%"
"2024-12-23","255.27","254.77","255.65","253.45","40.86M","0.31%"
"2024-12-20","254.49","248.04","255.00","245.69","147.50M","1.88%"
"2024-12-19","249.79","247.50","252.00","247.09","60.88M","0.70%"
"2024-12-18","248.05","252.16","254.28","247.74","56.77M","-2.14%"
"2024-12-17","253.48","250.08","253.83","249.78","51.36M","0.97%"
"2024-12-16","251.04","247.99","251.38","247.65","51.69M","1.17%"
"2024-12-13","248.13","247.82","249.29","246.24","33.16M","0.07%"
"2024-12-12","247.96","246.89","248.74","245.68","32.78M","0.60%"
"2024-12-11","246.49","247.96","250.80","246.26","45.21M","-0.52%"
"2024-12-10","247.77","246.89","248.21","245.34","36.91M","0.41%"
"2024-12-9","246.75","241.83","247.24","241.75","44.65M","1.61%"
"2024-12-6","242.84","242.90","244.63","242.08","36.87M","-0.08%"
"2024-12-5","243.04","243.99","244.54","242.13","40.03M","0.01%"
"2024-12-4","243.01","242.87","244.11","241.25","44.38M","0.15%"
"2024-12-3","242.65","239.81","242.76","238.90","38.86M","1.28%"
"2024-12-2","239.59","237.27","240.79","237.16","48.14M","0.95%"
"2024-11-29","237.33","234.80","237.81","233.97","28.48M","1.02%"
"2024-11-27","234.93","234.46","235.69","233.81","33.50M","-0.06%"
"2024-11-26","235.06","233.33","235.57","233.33","45.99M","0.94%"
"2024-11-25","232.87","231.46","233.24","229.74","90.15M","1.31%"
"2024-11-22","229.87","228.06","230.72","228.06","38.17M","0.59%"
"2024-11-21","228.52","228.88","230.15","225.71","42.11M","-0.21%"
"2024-11-20","229.00","228.06","229.93","225.89","35.17M","0.32%"
"2024-11-19","228.28","226.98","230.16","226.66","36.21M","0.11%"
"2024-11-18","228.02","225.25","229.74","225.17","44.69M","1.34%"
"2024-11-15","225.00","226.40","226.92","224.27","47.92M","-1.41%"
"2024-11-14","228.22","225.02","228.87","225.00","44.92M","1.38%"
"2024-11-13","225.12","224.01","226.65","222.76","48.57M","0.40%"
"2024-11-12","224.23","224.55","225.59","223.35","40.40M","0.00%"
"2024-11-11","224.23","225.00","225.70","221.50","42.01M","-1.20%"
"2024-11-8","226.96","227.17","228.66","226.40","38.33M","-0.23%"
"2024-11-7","227.48","224.63","227.88","224.57","42.14M","2.14%"
"2024-11-6","222.72","222.61","226.07","221.19","54.56M","-0.33%"
"2024-11-5","223.45","221.79","223.95","221.14","28.11M","0.65%"
"2024-11-4","222.01","220.99","222.79","219.71","44.94M","-0.40%"
"2024-11-1","222.91","220.96","225.35","220.27","65.28M","-1.33%"
"2024-10-31","225.91","229.34","229.83","225.37","64.37M","-1.82%"
"2024-10-30","230.10","232.61","233.47","229.55","47.07M","-1.53%"
"2024-10-29","233.67","233.10","234.32","232.32","35.42M","0.12%"
"2024-10-28","233.40","233.32","234.73","232.55","36.09M","0.86%"
"2024-10-25","231.41","229.74","233.22","229.57","38.80M","0.36%"
"2024-10-24","230.57","229.98","230.82","228.41","31.11M","-0.08%"
"2024-10-23","230.76","234.08","235.14","227.76","52.29M","-2.16%"
"2024-10-22","235.86","233.88","236.22","232.60","38.85M","-0.26%"
"2024-10-21","236.48","234.45","236.85","234.45","36.25M","0.63%"
"2024-10-18","235.00","236.18","236.18","234.01","46.43M","1.23%"
"2024-10-17","232.15","233.43","233.85","230.52","32.99M","0.16%"
"2024-10-16","231.78","231.60","232.12","229.84","34.08M","-0.89%"
"2024-10-15","233.85","233.61","237.49","232.37","64.75M","1.10%"
"2024-10-14","231.30","228.70","231.73","228.60","39.88M","1.65%"
"2024-10-11","227.55","229.30","229.41","227.34","31.76M","-0.65%"
"2024-10-10","229.04","227.78","229.50","227.17","28.18M","-0.22%"
"2024-10-9","229.54","225.23","229.75","224.83","33.59M","1.67%"
"2024-10-8","225.77","224.30","225.98","223.25","31.86M","1.84%"
"2024-10-7","221.69","224.50","225.69","221.33","39.51M","-2.25%"
"2024-10-4","226.80","227.90","228.00","224.13","37.35M","0.50%"
"2024-10-3","225.67","225.14","226.80","223.32","34.04M","-0.49%"
"2024-10-2","226.78","225.89","227.37","223.02","32.88M","0.25%"
"2024-10-1","226.21","229.52","229.65","223.74","63.29M","-2.91%"
"2024-9-30","233.00","230.04","233.00","229.65","54.79M","2.29%"
"2024-9-27","227.79","228.46","229.52","227.30","34.03M","0.12%"
"2024-9-26","227.52","227.30","228.50","225.41","36.64M","0.51%"
"2024-9-25","226.37","224.93","227.29","224.02","42.31M","-0.44%"
"2024-9-24","227.37","228.65","229.35","225.73","43.56M","0.40%"
"2024-9-23","226.47","227.34","229.45","225.81","54.15M","-0.76%"
"2024-9-20","228.20","229.97","233.09","227.62","318.68M","-0.29%"
"2024-9-19","228.87","224.99","229.82","224.63","66.78M","3.71%"
"2024-9-18","220.69","217.55","222.71","217.54","59.89M","1.80%"
"2024-9-17","216.79","215.75","216.90","214.50","45.52M","0.22%"
"2024-9-16","216.32","216.54","217.22","213.92","59.36M","-2.78%"
"2024-9-13","222.50","223.58","224.04","221.91","36.77M","-0.12%"
"2024-9-12","222.77","222.50","223.55","219.82","37.50M","0.05%"
"2024-9-11","222.66","221.46","223.09","217.89","44.59M","1.16%"
"2024-9-10","220.11","218.92","221.48","216.73","51.59M","-0.36%"
"2024-9-9","220.91","220.82","221.27","216.71","67.18M","0.04%"
"2024-9-6","220.82","223.95","225.24","219.77","48.42M","-0.70%"
"2024-9-5","222.38","221.63","225.48","221.52","36.62M","0.69%"
"2024-9-4","220.85","221.66","221.78","217.48","43.84M","-0.86%"
"2024-9-3","222.77","228.55","229.00","221.17","50.19M","-2.72%"
"2024-8-30","229.00","230.19","230.40","227.48","52.99M","-0.34%"
"2024-8-29","229.79","230.10","232.92","228.88","51.91M","1.46%"
"2024-8-28","226.49","227.92","229.86","225.68","38.05M","-0.68%"
"2024-8-27","228.03","225.99","228.85","224.89","35.93M","0.37%"
"2024-8-26","227.18","226.76","227.28","223.89","30.60M","0.15%"
"2024-8-23","226.84","225.66","228.22","224.33","38.68M","1.03%"
"2024-8-22","224.53","227.79","228.34","223.90","43.70M","-0.83%"
"2024-8-21","226.40","226.52","227.98","225.05","34.77M","-0.05%"
"2024-8-20","226.51","225.77","227.17","225.45","30.30M","0.27%"
"2024-8-19","225.89","225.72","225.99","223.04","40.69M","-0.07%"
"2024-8-16","226.05","223.92","226.83","223.65","44.34M","0.59%"
"2024-8-15","224.72","224.60","225.35","222.76","46.41M","1.35%"
"2024-8-14","221.72","220.57","223.03","219.70","41.96M","0.20%"
"2024-8-13","221.27","219.01","221.89","219.01","44.16M","1.72%"
"2024-8-12","217.53","216.07","219.51","215.60","38.03M","0.60%"
"2024-8-9","216.24","212.10","216.78","211.97","42.20M","1.37%"
"2024-8-8","213.31","213.11","214.20","208.83","47.16M","1.66%"
"2024-8-7","209.82","206.90","213.64","206.39","63.52M","1.25%"
"2024-8-6","207.23","205.30","209.99","201.07","69.66M","-0.97%"
"2024-8-5","209.27","199.09","213.50","196.00","119.55M","-4.82%"
"2024-8-2","219.86","219.15","225.60","217.71","105.57M","0.69%"
"2024-8-1","218.36","224.37","224.48","217.02","62.50M","-1.68%"
"2024-7-31","222.08","221.44","223.82","220.63","50.04M","1.50%"
"2024-7-30","218.80","219.19","220.32","216.12","41.64M","0.26%"
"2024-7-29","218.24","216.96","219.30","215.75","36.31M","0.13%"
"2024-7-26","217.96","218.70","219.49","216.01","41.60M","0.22%"
"2024-7-25","217.49","218.93","220.85","214.62","51.39M","-0.48%"
"2024-7-24","218.54","224.00","224.80","217.13","61.78M","-2.88%"
"2024-7-23","225.01","224.37","226.94","222.68","39.96M","0.47%"
"2024-7-22","223.96","227.01","227.78","223.09","48.20M","-0.16%"
"2024-7-19","224.31","224.82","226.80","223.27","49.15M","0.06%"
"2024-7-18","224.18","230.28","230.44","222.27","66.03M","-2.05%"
"2024-7-17","228.88","229.45","231.46","226.64","57.35M","-2.53%"
"2024-7-16","234.82","235.00","236.27","232.33","43.23M","0.18%"
"2024-7-15","234.40","236.48","237.23","233.09","62.63M","1.67%"
"2024-7-12","230.54","228.92","232.64","228.68","53.05M","1.31%"
"2024-7-11","227.57","231.39","232.39","225.77","64.71M","-2.32%"
"2024-7-10","232.98","229.30","233.08","229.25","62.63M","1.88%"
"2024-7-9","228.68","227.93","229.40","226.37","48.17M","0.38%"
"2024-7-8","227.82","227.09","227.85","223.25","59.09M","0.65%"
"2024-7-5","226.34","221.65","226.45","221.65","60.41M","2.16%"
"2024-7-3","221.55","220.00","221.55","219.03","37.37M","0.58%"
"2024-7-2","220.27","216.15","220.38","215.10","58.05M","1.62%"
"2024-7-1","216.75","212.09","217.51","211.92","60.40M","2.91%"
"2024-6-28","210.62","215.77","216.07","210.30","82.54M","-1.63%"
"2024-6-27","214.10","214.69","215.74","212.35","49.77M","0.40%"
"2024-6-26","213.25","211.50","214.86","210.64","66.21M","2.00%"
"2024-6-25","209.07","209.15","211.38","208.61","56.71M","0.45%"
"2024-6-24","208.14","207.72","212.70","206.59","80.73M","0.31%"
"2024-6-21","207.49","210.39","211.89","207.11","246.42M","-1.04%"
"2024-6-20","209.68","213.93","214.24","208.85","86.17M","-2.15%"
"2024-6-18","214.29","217.59","218.63","213.00","79.94M","-1.10%"
"2024-6-17","216.67","213.37","218.95","212.72","93.73M","1.97%"
"2024-6-14","212.49","213.85","215.17","211.30","70.12M","-0.82%"
"2024-6-13","214.24","214.74","216.75","211.60","97.86M","0.55%"
"2024-6-12","213.07","207.37","220.20","206.90","198.13M","2.86%"
"2024-6-11","207.15","193.65","207.16","193.63","172.37M","7.26%"
"2024-6-10","193.12","196.90","197.30","192.15","97.26M","-1.91%"
"2024-6-7","196.89","194.65","196.94","194.14","53.10M","1.24%"
"2024-6-6","194.48","195.68","196.50","194.17","41.18M","-0.71%"
"2024-6-5","195.87","195.40","196.90","194.87","54.16M","0.78%"
"2024-6-4","194.35","194.63","195.32","193.03","47.47M","0.16%"
"2024-6-3","194.03","192.90","194.99","192.52","50.08M","0.93%"
"2024-5-31","192.25","191.44","192.57","189.91","75.16M","0.50%"
"2024-5-30","191.29","190.76","192.18","190.63","49.95M","0.53%"
"2024-5-29","190.29","189.61","192.25","189.51","53.07M","0.16%"
"2024-5-28","189.99","191.51","193.00","189.10","52.28M","0.01%"
"2024-5-24","189.98","188.82","190.58","188.04","36.33M","1.66%"
"2024-5-23","186.88","190.98","191.00","186.63","51.01M","-2.11%"
"2024-5-22","190.90","192.26","192.82","190.27","34.65M","-0.75%"
"2024-5-21","192.35","191.09","192.73","190.92","42.31M","0.69%"
"2024-5-20","191.04","189.32","191.92","189.01","44.36M","0.62%"
"2024-5-17","189.87","189.51","190.81","189.18","41.28M","0.02%"
"2024-5-16","189.84","190.47","191.10","189.66","52.85M","0.06%"
"2024-5-15","189.72","187.91","190.65","187.37","70.40M","1.22%"
"2024-5-14","187.43","187.51","188.30","186.29","52.39M","0.62%"
"2024-5-13","186.28","185.43","187.10","184.62","72.04M","1.76%"
"2024-5-10","183.05","184.90","185.09","182.13","50.76M","-0.82%"
"2024-5-9","184.57","182.56","184.66","182.11","48.98M","1.00%"
"2024-5-8","182.74","182.85","183.07","181.45","45.06M","0.19%"
"2024-5-7","182.40","183.45","184.90","181.32","77.31M","0.38%"
"2024-5-6","181.71","182.35","184.20","180.42","78.57M","-0.91%"
"2024-5-3","183.38","186.65","187.00","182.66","163.22M","5.98%"
"2024-5-2","173.03","172.51","173.41","170.89","94.21M","2.20%"
"2024-5-1","169.30","169.58","172.71","169.11","50.38M","-0.60%"
"2024-4-30","170.33","173.33","174.99","170.00","65.93M","-1.83%"
"2024-4-29","173.50","173.37","176.03","173.10","68.17M","2.48%"
"2024-4-26","169.30","169.88","171.34","169.18","44.84M","-0.35%"
"2024-4-25","169.89","169.52","170.61","168.15","50.56M","0.51%"
"2024-4-24","169.02","166.54","169.30","166.21","48.25M","1.27%"
"2024-4-23","166.90","165.35","167.05","164.92","49.54M","0.64%"
"2024-4-22","165.84","165.51","167.26","164.77","48.12M","0.51%"
"2024-4-19","165.00","166.21","166.40","164.07","68.15M","-1.22%"
"2024-4-18","167.04","168.03","168.64","166.55","43.12M","-0.57%"
"2024-4-17","168.00","169.61","170.65","168.00","50.90M","-0.81%"
"2024-4-16","169.38","171.75","173.76","168.27","73.71M","-1.92%"
"2024-4-15","172.69","175.36","176.63","172.50","73.53M","-2.19%"
"2024-4-12","176.55","174.26","178.36","174.21","101.67M","0.86%"
"2024-4-11","175.04","168.34","175.46","168.16","91.07M","4.33%"
"2024-4-10","167.78","168.80","169.09","167.11","49.71M","-1.11%"
"2024-4-9","169.67","168.70","170.08","168.35","42.45M","0.72%"
"2024-4-8","168.45","169.03","169.20","168.24","37.43M","-0.67%"
"2024-4-5","169.58","169.59","170.39","168.95","42.10M","0.45%"
"2024-4-4","168.82","170.29","171.92","168.82","53.70M","-0.49%"
"2024-4-3","169.65","168.79","170.68","168.58","47.69M","0.48%"
"2024-4-2","168.84","169.08","169.34","168.23","49.33M","-0.70%"
"2024-4-1","170.03","171.19","171.25","169.48","46.24M","-0.85%"
"2024-3-28","171.48","171.75","172.23","170.51","65.67M","-1.06%"
"2024-3-27","173.31","170.41","173.60","170.11","60.27M","2.12%"
"2024-3-26","169.71","170.00","171.42","169.58","57.39M","-0.67%"
"2024-3-25","170.85","170.57","171.94","169.45","54.29M","-0.83%"
"2024-3-22","172.28","171.76","173.05","170.06","71.16M","0.53%"
"2024-3-21","171.37","177.05","177.49","170.84","106.18M","-4.09%"
"2024-3-20","178.67","175.72","178.67","175.09","53.42M","1.47%"
"2024-3-19","176.08","174.34","176.60","173.03","55.22M","1.36%"
"2024-3-18","173.72","175.57","177.71","173.52","75.60M","0.64%"
"2024-3-15","172.62","171.17","172.62","170.29","121.75M","-0.22%"
"2024-3-14","173.00","172.91","174.31","172.05","72.91M","1.09%"
"2024-3-13","171.13","172.77","173.18","170.76","52.49M","-1.21%"
"2024-3-12","173.23","173.15","174.03","171.01","59.83M","0.28%"
"2024-3-11","172.75","172.94","174.38","172.05","60.14M","1.18%"
"2024-3-8","170.73","169.00","173.70","168.94","76.27M","1.02%"
"2024-3-7","169.00","169.15","170.73","168.49","71.77M","-0.07%"
"2024-3-6","169.12","171.06","171.24","168.68","68.59M","-0.59%"
"2024-3-5","170.12","170.76","172.04","169.62","95.13M","-2.84%"
"2024-3-4","175.10","176.15","176.90","173.79","81.51M","-2.54%"
"2024-3-1","179.66","179.55","180.53","177.38","73.56M","-0.60%"
"2024-2-29","180.75","181.27","182.57","179.53","136.68M","-0.37%"
"2024-2-28","181.42","182.51","183.12","180.13","48.95M","-0.66%"
"2024-2-27","182.63","181.10","183.92","179.56","54.32M","0.81%"
"2024-2-26","181.16","182.24","182.76","180.65","40.87M","-0.75%"
"2024-2-23","182.52","185.01","185.04","182.23","45.12M","-1.00%"
"2024-2-22","184.37","183.48","184.96","182.46","52.29M","1.12%"
"2024-2-21","182.32","181.94","182.89","180.66","41.53M","0.42%"
"2024-2-20","181.56","181.79","182.43","180.00","53.67M","-0.41%"
"2024-2-16","182.31","183.42","184.85","181.66","49.75M","-0.84%"
"2024-2-15","183.86","183.55","184.49","181.35","65.43M","-0.16%"
"2024-2-14","184.15","185.32","185.53","182.44","54.63M","-0.48%"
"2024-2-13","185.04","185.77","186.21","183.51","56.53M","-1.13%"
"2024-2-12","187.15","188.41","188.67","186.79","41.78M","-0.90%"
"2024-2-9","188.85","188.65","189.99","188.00","45.16M","0.28%"
"2024-2-8","188.32","189.38","189.54","187.35","40.96M","-0.58%"
"2024-2-7","189.41","190.64","191.05","188.61","53.44M","0.06%"
"2024-2-6","189.30","186.86","189.31","186.77","43.49M","0.86%"
"2024-2-5","187.68","188.15","189.25","185.84","69.67M","0.98%"
"2024-2-2","185.85","179.86","187.33","179.25","102.55M","-0.54%"
"2024-2-1","186.86","183.99","186.95","183.82","64.89M","1.33%"
"2024-1-31","184.40","187.04","187.10","184.35","55.47M","-1.94%"
"2024-1-30","188.04","190.94","191.80","187.47","55.86M","-1.92%"
"2024-1-29","191.73","192.01","192.20","189.58","47.15M","-0.36%"
"2024-1-26","192.42","194.27","194.76","191.94","44.59M","-0.90%"
"2024-1-25","194.17","195.22","196.27","193.11","54.82M","-0.17%"
"2024-1-24","194.50","195.42","196.38","194.34","53.63M","-0.35%"
"2024-1-23","195.18","195.02","195.75","193.83","42.36M","0.67%"
"2024-1-22","193.89","192.30","195.33","192.26","60.13M","1.22%"
"2024-1-19","191.56","189.33","191.95","188.82","68.90M","1.55%"
"2024-1-18","188.63","186.09","189.14","185.83","78.01M","3.26%"
"2024-1-17","182.68","181.27","182.93","180.30","47.32M","-0.52%"
"2024-1-16","183.63","182.16","184.26","180.93","65.60M","-1.23%"
"2024-1-12","185.92","186.06","186.74","185.19","40.48M","0.18%"
"2024-1-11","185.59","186.54","187.05","183.62","49.13M","-0.32%"
"2024-1-10","186.19","184.35","186.40","183.92","46.79M","0.57%"
"2024-1-9","185.14","183.92","185.15","182.73","42.84M","-0.23%"
"2024-1-8","185.56","182.09","185.60","181.50","59.14M","2.42%"
"2024-1-5","181.18","181.99","182.76","180.17","62.38M","-0.40%"
"2024-1-4","181.91","182.15","183.09","180.88","71.98M","-1.27%"
"2024-1-3","184.25","184.22","185.88","183.43","58.41M","-0.75%"
"2024-1-2","185.64","187.15","188.44","183.88","82.49M","-3.58%"
"2023-12-29","192.53","193.90","194.40","191.73","42.67M","-0.54%"
"2023-12-28","193.58","194.14","194.66","193.17","34.05M","0.22%"
"2023-12-27","193.15","192.49","193.50","191.09","48.09M","0.05%"
"2023-12-26","193.05","193.61","193.89","192.83","28.92M","-0.28%"
"2023-12-22","193.60","195.18","195.41","192.97","37.15M","-0.55%"
"2023-12-21","194.68","196.10","197.08","193.50","46.48M","-0.08%"
"2023-12-20","194.83","196.90","197.68","194.83","52.24M","-1.07%"
"2023-12-19","196.94","196.16","196.95","195.89","40.71M","0.54%"
"2023-12-18","195.89","196.09","196.63","194.39","55.75M","-0.85%"
"2023-12-15","197.57","197.53","198.40","197.00","128.54M","-0.27%"
"2023-12-14","198.11","198.02","199.62","196.16","66.83M","0.08%"
"2023-12-13","197.96","195.09","198.00","194.85","70.40M","1.67%"
"2023-12-12","194.71","193.08","194.72","191.72","52.70M","0.79%"
"2023-12-11","193.18","193.11","193.49","191.42","60.94M","-1.29%"
"2023-12-8","195.71","194.20","195.99","193.67","53.41M","0.74%"
"2023-12-7","194.27","193.63","195.00","193.59","47.48M","1.01%"
"2023-12-6","192.32","194.45","194.76","192.11","41.09M","-0.57%"
"2023-12-5","193.42","190.21","194.40","190.18","66.63M","2.11%"
"2023-12-4","189.43","189.98","190.05","187.45","43.39M","-0.95%"
"2023-12-1","191.24","190.33","191.56","189.23","45.70M","0.68%"
"2023-11-30","189.95","189.84","190.32","188.19","48.79M","0.31%"
"2023-11-29","189.37","190.90","192.09","188.97","43.01M","-0.54%"
"2023-11-28","190.40","189.78","191.08","189.40","38.42M","0.32%"
"2023-11-27","189.79","189.92","190.67","188.90","40.55M","-0.09%"
"2023-11-24","189.97","190.87","190.90","189.25","24.05M","-0.70%"
"2023-11-22","191.31","191.49","192.93","190.82","39.63M","0.35%"
"2023-11-21","190.64","191.41","191.52","189.74","38.13M","-0.42%"
"2023-11-20","191.45","189.89","191.90","189.88","46.54M","0.93%"
"2023-11-17","189.69","190.25","190.38","188.57","50.94M","-0.01%"
"2023-11-16","189.71","189.57","190.96","188.65","54.41M","0.90%"
"2023-11-15","188.01","187.85","189.50","187.78","53.79M","0.30%"
"2023-11-14","187.44","187.70","188.11","186.30","60.11M","1.43%"
"2023-11-13","184.80","185.82","186.03","184.21","43.63M","-0.86%"
"2023-11-10","186.40","183.97","186.57","183.53","66.18M","2.19%"
"2023-11-9","182.41","182.96","184.12","181.81","53.76M","-0.26%"
"2023-11-8","182.89","182.35","183.45","181.59","49.34M","0.59%"
"2023-11-7","181.82","179.18","182.44","178.97","70.53M","1.45%"
"2023-11-6","179.23","176.38","179.43","176.21","63.84M","1.46%"
"2023-11-3","176.65","174.24","176.82","173.35","79.83M","-0.52%"
"2023-11-2","177.57","175.52","177.78","175.46","77.33M","2.07%"
"2023-11-1","173.97","171.00","174.23","170.12","56.93M","1.87%"
"2023-10-31","170.77","169.35","170.90","167.90","44.85M","0.28%"
"2023-10-30","170.29","169.02","171.17","168.87","51.13M","1.23%"
"2023-10-27","168.22","166.91","168.96","166.83","58.50M","0.80%"
"2023-10-26","166.89","170.37","171.38","165.67","70.63M","-2.46%"
"2023-10-25","171.10","171.88","173.06","170.65","57.16M","-1.35%"
"2023-10-24","173.44","173.05","173.67","171.45","43.82M","0.25%"
"2023-10-23","173.00","170.91","174.01","169.93","55.98M","0.07%"
"2023-10-20","172.88","175.31","175.42","172.64","64.24M","-1.47%"
"2023-10-19","175.46","176.04","177.84","175.19","59.30M","-0.22%"
"2023-10-18","175.84","175.58","177.57","175.11","54.76M","-0.74%"
"2023-10-17","177.15","176.65","178.42","174.80","57.55M","-0.88%"
"2023-10-16","178.72","176.75","179.07","176.51","52.52M","-0.07%"
"2023-10-13","178.85","181.42","181.93","178.14","51.46M","-1.03%"
"2023-10-12","180.71","180.07","182.34","179.04","56.74M","0.51%"
"2023-10-11","179.80","178.20","179.85","177.60","47.55M","0.79%"
"2023-10-10","178.39","178.10","179.72","177.95","43.70M","-0.34%"
"2023-10-9","178.99","176.81","179.05","175.80","42.39M","0.85%"
"2023-10-6","177.49","173.80","177.99","173.18","57.27M","1.48%"
"2023-10-5","174.91","173.79","175.45","172.68","48.53M","0.72%"
"2023-10-4","173.66","171.09","174.21","170.97","53.02M","0.73%"
"2023-10-3","172.40","172.26","173.63","170.82","49.59M","-0.78%"
"2023-10-2","173.75","171.22","174.30","170.93","52.16M","1.48%"
"2023-9-29","171.21","172.02","173.07","170.34","51.86M","0.30%"
"2023-9-28","170.69","169.34","172.03","167.62","56.29M","0.15%"
"2023-9-27","170.43","172.62","173.04","169.05","66.92M","-0.89%"
"2023-9-26","171.96","174.82","175.20","171.66","64.59M","-2.34%"
"2023-9-25","176.08","174.20","176.97","174.15","46.17M","0.74%"
"2023-9-22","174.79","174.67","177.08","174.05","56.73M","0.49%"
"2023-9-21","173.93","174.55","176.30","173.86","63.15M","-0.89%"
"2023-9-20","175.49","179.26","179.70","175.40","58.44M","-2.00%"
"2023-9-19","179.07","177.52","179.63","177.13","51.83M","0.62%"
"2023-9-18","177.97","176.48","179.38","176.17","67.26M","1.69%"
"2023-9-15","175.01","176.48","176.49","173.82","109.26M","-0.42%"
"2023-9-14","175.74","174.00","176.10","173.58","60.90M","0.88%"
"2023-9-13","174.21","176.51","177.30","173.98","84.27M","-1.19%"
"2023-9-12","176.30","179.49","180.13","174.82","90.37M","-1.71%"
"2023-9-11","179.36","180.07","180.30","177.34","58.95M","0.66%"
"2023-9-8","178.18","178.35","180.24","177.79","65.60M","0.35%"
"2023-9-7","177.56","175.18","178.21","173.54","112.49M","-2.92%"
"2023-9-6","182.91","188.40","188.85","181.47","81.76M","-3.58%"
"2023-9-5","189.70","188.28","189.98","187.61","45.28M","0.13%"
"2023-9-1","189.46","189.49","189.92","188.28","45.77M","0.85%"
"2023-8-31","187.87","187.84","189.12","187.48","60.79M","0.12%"
"2023-8-30","187.65","184.94","187.85","184.74","60.81M","1.92%"
"2023-8-29","184.12","179.70","184.90","179.50","53.00M","2.18%"
"2023-8-28","180.19","180.09","180.59","178.54","43.82M","0.88%"
"2023-8-25","178.61","177.38","179.15","175.82","51.45M","1.26%"
"2023-8-24","176.38","180.67","181.10","176.01","54.95M","-2.62%"
"2023-8-23","181.12","178.52","181.55","178.32","52.72M","2.19%"
"2023-8-22","177.23","177.06","177.68","176.25","42.08M","0.79%"
"2023-8-21","175.84","175.07","176.13","173.74","46.31M","0.77%"
"2023-8-18","174.49","172.30","175.10","171.96","61.17M","0.28%"
"2023-8-17","174.00","177.14","177.51","173.48","66.06M","-1.46%"
"2023-8-16","176.57","177.13","178.54","176.50","46.96M","-0.50%"
"2023-8-15","177.45","178.88","179.48","177.05","43.62M","-1.12%"
"2023-8-14","179.46","177.97","179.69","177.30","43.68M","0.94%"
"2023-8-11","177.79","177.32","178.62","176.55","52.04M","-0.10%"
"2023-8-10","177.97","179.48","180.75","177.60","54.69M","-0.12%"
"2023-8-9","178.19","180.87","180.93","177.01","60.38M","-0.90%"
"2023-8-8","179.80","179.69","180.27","177.58","67.82M","0.53%"
"2023-8-7","178.85","182.13","183.13","177.35","97.58M","-1.73%"
"2023-8-4","181.99","185.52","187.38","181.92","115.96M","-4.80%"
"2023-8-3","191.17","191.57","192.37","190.69","62.24M","-0.73%"
"2023-8-2","192.58","195.04","195.18","191.85","50.39M","-1.55%"
"2023-8-1","195.60","196.24","196.73","195.28","35.28M","-0.43%"
"2023-7-31","196.45","196.06","196.49","195.26","38.82M","0.32%"
"2023-7-28","195.83","194.67","196.63","194.14","48.29M","1.35%"
"2023-7-27","193.22","196.02","197.20","192.55","47.46M","-0.66%"
"2023-7-26","194.50","193.67","195.64","193.32","47.47M","0.45%"
"2023-7-25","193.62","193.33","194.44","192.91","37.28M","0.45%"
"2023-7-24","192.75","193.41","194.91","192.25","45.51M","0.42%"
"2023-7-21","191.94","194.10","194.97","191.23","71.95M","-0.62%"
"2023-7-20","193.13","195.09","196.47","192.49","59.58M","-1.01%"
"2023-7-19","195.10","193.10","198.23","192.65","80.51M","0.71%"
"2023-7-18","193.73","193.35","194.33","192.41","48.35M","-0.13%"
"2023-7-17","193.99","191.90","194.32","191.81","50.52M","1.73%"
"2023-7-14","190.69","190.23","191.18","189.63","41.62M","0.08%"
"2023-7-13","190.54","190.50","191.19","189.78","41.34M","0.41%"
"2023-7-12","189.77","189.68","191.70","188.47","60.75M","0.90%"
"2023-7-11","188.08","189.16","189.30","186.60","46.64M","-0.28%"
"2023-7-10","188.61","189.26","189.99","187.04","59.92M","-1.09%"
"2023-7-7","190.68","191.41","192.67","190.24","46.82M","-0.59%"
"2023-7-6","191.81","189.84","192.02","189.20","45.16M","0.25%"
"2023-7-5","191.33","191.57","192.98","190.62","46.92M","-0.59%"
"2023-7-3","192.46","193.78","193.88","191.76","31.46M","-0.78%"
"2023-6-30","193.97","191.63","194.48","191.26","85.21M","2.31%"
"2023-6-29","189.59","189.08","190.07","188.94","46.35M","0.18%"
"2023-6-28","189.25","187.93","189.90","187.60","51.22M","0.63%"
"2023-6-27","188.06","185.89","188.39","185.67","50.73M","1.51%"
"2023-6-26","185.27","186.83","188.05","185.23","48.09M","-0.76%"
"2023-6-23","186.68","185.55","187.56","185.01","53.12M","-0.17%"
"2023-6-22","187.00","183.74","187.04","183.67","51.25M","1.65%"
"2023-6-21","183.96","184.90","185.41","182.59","49.52M","-0.57%"
"2023-6-20","185.01","184.41","186.10","184.41","49.80M","0.05%"
"2023-6-16","184.92","186.73","186.99","184.27","101.26M","-0.59%"
"2023-6-15","186.01","183.96","186.52","183.78","65.43M","1.12%"
"2023-6-14","183.95","183.37","184.39","182.02","57.46M","0.35%"
"2023-6-13","183.31","182.80","184.15","182.44","54.93M","-0.26%"
"2023-6-12","183.79","181.27","183.89","180.97","54.76M","1.56%"
"2023-6-9","180.96","181.50","182.23","180.63","48.90M","0.22%"
"2023-6-8","180.57","177.90","180.84","177.46","50.21M","1.55%"
"2023-6-7","177.82","178.44","181.21","177.32","61.94M","-0.78%"
"2023-6-6","179.21","179.96","180.12","177.43","64.85M","-0.21%"
"2023-6-5","179.58","182.63","184.95","178.04","121.95M","-0.76%"
"2023-6-2","180.95","181.03","181.78","179.26","62.00M","0.48%"
"2023-6-1","180.09","177.70","180.12","176.93","68.90M","1.60%"
"2023-5-31","177.25","177.32","179.35","176.76","99.63M","-0.03%"
"2023-5-30","177.30","176.96","178.99","176.57","55.96M","1.07%"
"2023-5-26","175.43","173.32","175.77","173.11","54.84M","1.41%"
"2023-5-25","172.99","172.41","173.90","171.69","56.06M","0.67%"
"2023-5-24","171.84","171.09","172.42","170.52","45.14M","0.16%"
"2023-5-23","171.56","173.13","173.38","171.27","50.75M","-1.52%"
"2023-5-22","174.20","173.98","174.71","173.45","43.57M","-0.55%"
"2023-5-19","175.16","176.39","176.39","174.94","55.81M","0.06%"
"2023-5-18","175.05","173.00","175.24","172.58","65.50M","1.37%"
"2023-5-17","172.69","171.71","172.93","170.42","57.95M","0.36%"
"2023-5-16","172.07","171.99","173.14","171.80","42.11M","0.00%"
"2023-5-15","172.07","173.16","173.21","171.47","37.27M","-0.29%"
"2023-5-12","172.57","173.62","174.06","171.00","45.53M","-0.68%"
"2023-5-11","173.75","173.85","174.59","172.17","49.51M","0.11%"
"2023-5-10","173.55","173.02","174.03","171.90","53.72M","1.04%"
"2023-5-9","171.77","173.05","173.54","171.60","45.33M","-1.00%"
"2023-5-8","173.50","172.48","173.85","172.11","55.96M","-0.04%"
"2023-5-5","173.57","170.98","174.30","170.76","113.45M","4.69%"
"2023-5-4","165.79","164.89","167.04","164.31","81.24M","-0.99%"
"2023-5-3","167.45","169.50","170.92","167.16","65.14M","-0.65%"
"2023-5-2","168.54","170.09","170.35","167.54","48.43M","-0.62%"
"2023-5-1","169.59","169.28","170.45","168.64","52.47M","-0.05%"
"2023-4-28","169.68","168.49","169.85","167.88","55.28M","0.75%"
"2023-4-27","168.41","165.19","168.56","165.19","64.90M","2.84%"
"2023-4-26","163.76","163.05","165.28","162.80","45.50M","-0.01%"
"2023-4-25","163.77","165.19","166.30","163.73","48.71M","-0.94%"
"2023-4-24","165.33","165.00","165.60","163.89","41.95M","0.19%"
"2023-4-21","165.02","165.05","166.45","164.49","58.34M","-0.98%"
"2023-4-20","166.65","166.09","167.87","165.56","52.46M","-0.58%"
"2023-4-19","167.63","165.80","168.16","165.54","47.72M","0.70%"
"2023-4-18","166.47","166.10","167.41","165.65","49.92M","0.75%"
"2023-4-17","165.23","165.09","165.39","164.03","41.52M","0.01%"
"2023-4-14","165.21","164.59","166.32","163.82","49.39M","-0.21%"
"2023-4-13","165.56","161.63","165.80","161.42","68.45M","3.41%"
"2023-4-12","160.10","161.22","162.06","159.78","50.13M","-0.44%"
"2023-4-11","160.80","162.35","162.36","160.51","47.64M","-0.76%"
"2023-4-10","162.03","161.42","162.03","160.08","47.72M","-1.60%"
"2023-4-6","164.66","162.43","164.96","162.00","45.39M","0.55%"
"2023-4-5","163.76","164.74","165.05","161.80","51.51M","-1.13%"
"2023-4-4","165.63","166.60","166.84","165.11","46.28M","-0.32%"
"2023-4-3","166.17","164.27","166.29","164.22","56.98M","0.77%"
"2023-3-31","164.90","162.44","165.00","161.91","68.75M","1.56%"
"2023-3-30","162.36","161.53","162.47","161.27","49.50M","0.99%"
"2023-3-29","160.77","159.37","161.05","159.35","51.31M","1.98%"
"2023-3-28","157.65","157.97","158.49","155.98","45.99M","-0.40%"
"2023-3-27","158.28","159.94","160.77","157.87","52.39M","-1.23%"
"2023-3-24","160.25","158.86","160.34","157.85","59.26M","0.83%"
"2023-3-23","158.93","158.83","161.55","157.68","67.62M","0.70%"
"2023-3-22","157.83","159.30","162.14","157.81","75.70M","-0.91%"
"2023-3-21","159.28","157.32","159.40","156.54","73.94M","1.19%"
"2023-3-20","157.40","155.07","157.82","154.15","73.64M","1.55%"
"2023-3-17","155.00","156.08","156.74","154.28","98.94M","-0.55%"
"2023-3-16","155.85","152.16","156.46","151.64","76.25M","1.87%"
"2023-3-15","152.99","151.19","153.24","149.92","77.17M","0.26%"
"2023-3-14","152.59","151.28","153.40","150.10","73.70M","1.41%"
"2023-3-13","150.47","147.80","153.14","147.70","84.46M","1.33%"
"2023-3-10","148.50","150.21","150.94","147.61","68.57M","-1.39%"
"2023-3-9","150.59","153.56","154.54","150.23","53.83M","-1.49%"
"2023-3-8","152.87","152.81","153.47","151.83","47.20M","0.84%"
"2023-3-7","151.60","153.70","154.03","151.13","56.18M","-1.45%"
"2023-3-6","153.83","153.79","156.30","153.46","87.56M","1.85%"
"2023-3-3","151.03","148.04","151.11","147.33","70.73M","3.51%"
"2023-3-2","145.91","144.38","146.71","143.90","52.28M","0.41%"
"2023-3-1","145.31","146.83","147.23","145.01","55.48M","-1.42%"
"2023-2-28","147.41","147.05","149.08","146.83","50.55M","-0.34%"
"2023-2-27","147.92","147.71","149.17","147.45","45.00M","0.82%"
"2023-2-24","146.71","147.11","147.19","145.72","55.47M","-1.80%"
"2023-2-23","149.40","150.09","150.34","147.24","48.39M","0.33%"
"2023-2-22","148.91","148.87","149.95","147.16","51.01M","0.29%"
"2023-2-21","148.48","150.20","151.30","148.40","58.87M","-2.67%"
"2023-2-17","152.55","152.35","153.00","150.85","59.14M","-0.75%"
"2023-2-16","153.71","153.51","156.33","153.35","68.17M","-1.04%"
"2023-2-15","155.33","153.11","155.50","152.88","65.67M","1.39%"
"2023-2-14","153.20","152.12","153.77","150.86","61.71M","-0.42%"
"2023-2-13","153.85","150.95","154.26","150.92","62.20M","1.88%"
"2023-2-10","151.01","149.46","151.34","149.22","57.45M","0.09%"
"2023-2-9","150.87","153.77","154.33","150.42","56.01M","-0.69%"
"2023-2-8","151.92","153.88","154.58","151.17","64.12M","-1.77%"
"2023-2-7","154.65","150.64","155.23","150.64","83.32M","1.92%"
"2023-2-6","151.73","152.57","153.10","150.78","69.86M","-1.79%"
"2023-2-3","154.50","148.03","157.38","147.83","154.36M","2.44%"
"2023-2-2","150.82","148.90","151.18","148.17","118.34M","3.71%"
"2023-2-1","145.43","143.97","146.61","141.32","77.66M","0.79%"
"2023-1-31","144.29","142.70","144.34","142.28","65.87M","0.90%"
"2023-1-30","143.00","144.96","145.55","142.85","64.02M","-2.01%"
"2023-1-27","145.93","143.15","147.23","143.08","70.56M","1.37%"
"2023-1-26","143.96","143.17","144.25","141.90","54.11M","1.48%"
"2023-1-25","141.86","140.89","142.43","138.81","65.80M","-0.47%"
"2023-1-24","142.53","140.30","143.16","140.30","66.44M","1.01%"
"2023-1-23","141.11","138.12","143.32","137.90","81.76M","2.35%"
"2023-1-20","137.87","135.28","138.02","134.22","80.22M","1.92%"
"2023-1-19","135.27","134.08","136.25","133.77","58.28M","0.04%"
"2023-1-18","135.21","136.82","138.61","135.03","69.67M","-0.54%"
"2023-1-17","135.94","134.83","137.29","134.13","63.65M","0.88%"
"2023-1-13","134.76","132.03","134.92","131.66","57.81M","1.01%"
"2023-1-12","133.41","133.88","134.26","131.44","71.38M","-0.06%"
"2023-1-11","133.49","131.25","133.51","130.46","69.46M","2.11%"
"2023-1-10","130.73","130.26","131.26","128.12","63.90M","0.45%"
"2023-1-9","130.15","130.46","133.41","129.89","70.79M","0.41%"
"2023-1-6","129.62","126.01","130.29","124.89","87.75M","3.68%"
"2023-1-5","125.02","127.13","127.77","124.76","80.96M","-1.06%"
"2023-1-4","126.36","126.89","128.66","125.08","89.11M","1.03%"
"2023-1-3","125.07","130.28","130.90","124.17","112.12M","-3.74%"
"2022-12-30","129.93","128.41","129.95","127.43","77.03M","0.25%"
"2022-12-29","129.61","127.99","130.48","127.73","75.70M","2.83%"
"2022-12-28","126.04","129.67","131.03","125.87","85.44M","-3.07%"
"2022-12-27","130.03","131.38","131.41","128.72","69.01M","-1.39%"
"2022-12-23","131.86","130.92","132.41","129.64","63.81M","-0.28%"
"2022-12-22","132.23","134.35","134.56","130.30","77.85M","-2.38%"
"2022-12-21","135.45","132.98","136.81","132.75","85.93M","2.38%"
"2022-12-20","132.30","131.39","133.25","129.89","77.43M","-0.05%"
"2022-12-19","132.37","135.11","135.20","131.32","79.59M","-1.59%"
"2022-12-16","134.51","136.68","137.65","133.73","160.16M","-1.46%"
"2022-12-15","136.50","141.11","141.80","136.02","98.93M","-4.69%"
"2022-12-14","143.21","145.35","146.65","141.16","82.29M","-1.55%"
"2022-12-13","145.47","149.50","149.97","144.24","93.89M","0.68%"
"2022-12-12","144.49","142.70","144.50","141.06","70.46M","1.64%"
"2022-12-9","142.16","142.34","145.57","140.90","76.10M","-0.34%"
"2022-12-8","142.65","142.36","143.52","141.10","62.13M","1.21%"
"2022-12-7","140.94","142.19","143.37","140.00","69.72M","-1.38%"
"2022-12-6","142.91","147.07","147.30","141.92","64.73M","-2.54%"
"2022-12-5","146.63","147.77","150.92","145.77","68.83M","-0.80%"
"2022-12-2","147.81","145.96","148.00","145.65","65.45M","-0.34%"
"2022-12-1","148.31","148.21","149.13","146.61","71.25M","0.19%"
"2022-11-30","148.03","141.40","148.72","140.55","111.38M","4.86%"
"2022-11-29","141.17","144.29","144.81","140.35","83.76M","-2.11%"
"2022-11-28","144.22","145.14","146.64","143.38","69.35M","-2.63%"
"2022-11-25","148.11","148.30","148.88","147.12","35.20M","-1.96%"
"2022-11-23","151.07","149.45","151.83","149.34","58.30M","0.59%"
"2022-11-22","150.18","148.13","150.42","146.93","51.80M","1.47%"
"2022-11-21","148.01","150.16","150.37","147.71","58.72M","-2.17%"
"2022-11-18","151.29","152.30","152.70","149.97","74.83M","0.38%"
"2022-11-17","150.72","146.43","151.48","146.15","80.39M","1.30%"
"2022-11-16","148.79","149.13","149.87","147.29","64.22M","-0.83%"
"2022-11-15","150.04","152.21","153.59","148.56","89.87M","1.19%"
"2022-11-14","148.28","148.97","150.28","147.43","73.37M","-0.95%"
"2022-11-11","149.70","145.82","150.01","144.37","93.98M","1.93%"
"2022-11-10","146.87","141.24","146.87","139.50","118.85M","8.90%"
"2022-11-9","134.87","138.50","138.55","134.59","74.92M","-3.32%"
"2022-11-8","139.50","140.41","141.43","137.49","89.91M","0.42%"
"2022-11-7","138.92","137.11","139.15","135.67","83.37M","0.39%"
"2022-11-4","138.38","142.09","142.67","134.38","140.81M","-0.36%"
"2022-11-3","138.88","142.06","142.80","138.75","97.92M","-4.24%"
"2022-11-2","145.03","148.95","152.17","145.00","93.60M","-3.73%"
"2022-11-1","150.65","155.08","155.45","149.13","80.38M","-1.75%"
"2022-10-31","153.34","153.15","154.24","151.92","97.94M","-1.54%"
"2022-10-28","155.74","148.20","157.50","147.82","164.76M","7.56%"
"2022-10-27","144.80","148.07","149.05","144.13","109.18M","-3.05%"
"2022-10-26","149.35","150.96","151.99","148.04","88.44M","-1.96%"
"2022-10-25","152.34","150.09","152.49","149.36","74.73M","1.93%"
"2022-10-24","149.45","147.18","150.23","146.00","75.98M","1.48%"
"2022-10-21","147.27","142.87","147.85","142.65","86.55M","2.71%"
"2022-10-20","143.39","143.02","145.89","142.65","64.52M","-0.33%"
"2022-10-19","143.86","141.69","144.95","141.50","61.76M","0.08%"
"2022-10-18","143.75","145.49","146.70","140.61","99.14M","0.94%"
"2022-10-17","142.41","141.07","142.90","140.27","85.25M","2.91%"
"2022-10-14","138.38","144.31","144.52","138.19","88.60M","-3.22%"
"2022-10-13","142.99","134.99","143.59","134.37","113.22M","3.36%"
"2022-10-12","138.34","139.13","140.36","138.16","70.43M","-0.46%"
"2022-10-11","138.98","139.90","141.35","138.22","77.03M","-1.03%"
"2022-10-10","140.42","140.42","141.89","138.57","74.90M","0.24%"
"2022-10-7","140.09","142.54","143.10","139.45","85.93M","-3.67%"
"2022-10-6","145.43","145.81","147.54","145.22","68.40M","-0.66%"
"2022-10-5","146.40","144.07","147.38","143.01","79.47M","0.21%"
"2022-10-4","146.10","145.03","146.22","144.26","87.83M","2.56%"
"2022-10-3","142.45","138.21","143.07","137.68","114.31M","3.08%"
"2022-9-30","138.20","141.28","143.10","138.00","124.93M","-3.00%"
"2022-9-29","142.48","146.10","146.72","140.68","128.14M","-4.91%"
"2022-9-28","149.84","147.64","150.64","144.84","146.69M","-1.27%"
"2022-9-27","151.76","152.74","154.72","149.95","84.44M","0.66%"
"2022-9-26","150.77","149.66","153.77","149.64","93.34M","0.23%"
"2022-9-23","150.43","151.19","151.47","148.56","96.03M","-1.51%"
"2022-9-22","152.74","152.38","154.47","150.91","86.65M","-0.64%"
"2022-9-21","153.72","157.34","158.74","153.60","101.70M","-2.03%"
"2022-9-20","156.90","153.40","158.08","153.08","107.69M","1.57%"
"2022-9-19","154.48","149.31","154.56","149.10","81.47M","2.51%"
"2022-9-16","150.70","151.21","151.35","148.37","162.28M","-1.10%"
"2022-9-15","152.37","154.65","155.24","151.38","90.48M","-1.89%"
"2022-9-14","155.31","154.79","157.10","153.61","87.97M","0.96%"
"2022-9-13","153.84","159.90","160.54","153.37","122.66M","-5.87%"
"2022-9-12","163.43","159.59","164.26","159.30","104.96M","3.85%"
"2022-9-9","157.37","155.47","157.82","154.75","68.08M","1.88%"
"2022-9-8","154.46","154.64","156.36","152.68","84.92M","-0.96%"
"2022-9-7","155.96","154.82","156.67","153.61","87.45M","0.93%"
"2022-9-6","154.53","156.47","157.09","153.69","73.71M","-0.82%"
"2022-9-2","155.81","159.75","160.36","154.96","76.96M","-1.36%"
"2022-9-1","157.96","156.64","158.42","154.67","74.23M","0.47%"
"2022-8-31","157.22","160.30","160.58","157.14","87.99M","-1.06%"
"2022-8-30","158.91","162.13","162.56","157.72","77.91M","-1.53%"
"2022-8-29","161.38","161.15","162.90","159.82","73.31M","-1.37%"
"2022-8-26","163.62","170.57","171.05","163.56","78.96M","-3.77%"
"2022-8-25","170.03","168.78","170.14","168.35","51.22M","1.49%"
"2022-8-24","167.53","167.32","168.11","166.24","53.84M","0.18%"
"2022-8-23","167.23","167.08","168.71","166.65","54.15M","-0.20%"
"2022-8-22","167.57","169.69","169.86","167.13","69.03M","-2.30%"
"2022-8-19","171.52","173.03","173.74","171.31","70.35M","-1.51%"
"2022-8-18","174.15","173.75","174.90","173.12","62.29M","-0.23%"
"2022-8-17","174.55","172.77","176.15","172.57","79.54M","0.88%"
"2022-8-16","173.03","172.78","173.71","171.66","56.38M","-0.09%"
"2022-8-15","173.19","171.52","173.39","171.35","54.09M","0.63%"
"2022-8-12","172.10","169.82","172.17","169.40","68.04M","2.14%"
"2022-8-11","168.49","170.06","170.99","168.19","57.15M","-0.44%"
"2022-8-10","169.24","167.68","169.34","166.90","70.17M","2.62%"
"2022-8-9","164.92","164.02","165.82","163.25","63.14M","0.03%"
"2022-8-8","164.87","166.37","167.81","164.20","60.36M","-0.29%"
"2022-8-5","165.35","163.21","165.85","163.00","56.70M","-0.28%"
"2022-8-4","165.81","166.01","167.19","164.43","55.47M","-0.19%"
"2022-8-3","166.13","160.84","166.59","160.75","82.51M","3.82%"
"2022-8-2","160.01","160.10","162.41","159.63","59.91M","-0.93%"
"2022-8-1","161.51","161.01","163.59","160.89","67.83M","-0.62%"
"2022-7-29","162.51","161.24","163.63","159.50","101.79M","3.28%"
"2022-7-28","157.35","156.98","157.64","154.41","81.38M","0.36%"
"2022-7-27","156.79","152.58","157.33","152.16","78.62M","3.42%"
"2022-7-26","151.60","152.26","153.09","150.80","55.14M","-0.88%"
"2022-7-25","152.95","154.01","155.04","152.28","53.62M","-0.74%"
"2022-7-22","154.09","155.39","156.28","153.41","66.68M","-0.81%"
"2022-7-21","155.35","154.50","155.57","151.94","65.09M","1.51%"
"2022-7-20","153.04","151.12","153.72","150.37","64.82M","1.35%"
"2022-7-19","151.00","147.92","151.23","146.91","82.98M","2.67%"
"2022-7-18","147.07","150.74","151.57","146.70","81.42M","-2.06%"
"2022-7-15","150.17","149.78","150.86","148.20","76.26M","1.15%"
"2022-7-14","148.47","144.08","148.95","143.25","78.14M","2.05%"
"2022-7-13","145.49","142.99","146.45","142.12","71.19M","-0.25%"
"2022-7-12","145.86","145.76","148.45","145.05","77.59M","0.68%"
"2022-7-11","144.87","145.67","146.64","143.78","63.31M","-1.48%"
"2022-7-8","147.04","145.26","147.55","145.00","64.55M","0.47%"
"2022-7-7","146.35","143.29","146.55","143.28","66.25M","2.40%"
"2022-7-6","142.92","141.35","144.12","141.08","74.06M","0.96%"
"2022-7-5","141.56","137.77","141.61","136.93","73.43M","1.89%"
"2022-7-1","138.93","136.04","139.04","135.66","71.05M","1.62%"
"2022-6-30","136.72","137.25","138.37","133.77","98.96M","-1.80%"
"2022-6-29","139.23","137.46","140.67","136.67","66.24M","1.30%"
"2022-6-28","137.44","142.13","143.42","137.32","67.32M","-2.98%"
"2022-6-27","141.66","142.70","143.49","140.96","70.21M","0.00%"
"2022-6-24","141.66","139.90","141.91","139.77","89.12M","2.45%"
"2022-6-23","138.27","136.82","138.59","135.63","72.43M","2.16%"
"2022-6-22","135.35","134.79","137.76","133.91","73.41M","-0.38%"
"2022-6-21","135.87","133.42","137.06","133.32","81.00M","3.28%"
"2022-6-17","131.56","130.07","133.08","129.81","134.52M","1.15%"
"2022-6-16","130.06","132.08","132.39","129.04","107.96M","-3.97%"
"2022-6-15","135.43","134.29","137.34","132.16","91.53M","2.01%"
"2022-6-14","132.76","133.13","133.89","131.48","84.78M","0.67%"
"2022-6-13","131.88","132.87","135.20","131.44","122.21M","-3.83%"
"2022-6-10","137.13","140.28","140.76","137.06","91.57M","-3.86%"
"2022-6-9","142.64","147.08","147.95","142.53","69.47M","-3.60%"
"2022-6-8","147.96","148.58","149.87","147.46","53.95M","-0.50%"
"2022-6-7","148.71","144.35","149.00","144.10","67.81M","1.76%"
"2022-6-6","146.14","147.03","148.57","144.90","71.60M","0.52%"
"2022-6-3","145.38","146.90","147.97","144.46","88.57M","-3.86%"
"2022-6-2","151.21","147.83","151.27","146.86","72.35M","1.68%"
"2022-6-1","148.71","149.90","151.74","147.68","74.29M","-0.09%"
"2022-5-31","148.84","149.07","150.66","146.84","103.72M","-0.53%"
"2022-5-27","149.64","145.39","149.68","145.26","90.98M","4.08%"
"2022-5-26","143.78","137.39","144.34","137.14","90.60M","2.32%"
"2022-5-25","140.52","138.43","141.78","138.34","92.48M","0.11%"
"2022-5-24","140.36","140.81","141.97","137.33","104.13M","-1.92%"
"2022-5-23","143.11","137.79","143.26","137.65","117.73M","4.01%"
"2022-5-20","137.59","139.09","140.70","132.61","137.43M","0.17%"
"2022-5-19","137.35","139.88","141.66","136.60","136.10M","-2.46%"
"2022-5-18","140.82","146.85","147.36","139.90","109.74M","-5.64%"
"2022-5-17","149.24","148.86","149.77","146.68","78.34M","2.54%"
"2022-5-16","145.54","145.55","147.52","144.18","86.64M","-1.07%"
"2022-5-13","147.11","144.59","148.10","143.11","113.99M","3.19%"
"2022-5-12","142.56","142.77","146.20","138.80","182.60M","-2.69%"
"2022-5-11","146.50","153.50","155.45","145.81","142.69M","-5.18%"
"2022-5-10","154.51","155.52","156.74","152.93","115.37M","1.61%"
"2022-5-9","152.06","154.93","155.83","151.49","131.58M","-3.32%"
"2022-5-6","157.28","156.01","159.44","154.18","116.12M","0.33%"
"2022-5-5","156.77","163.85","164.08","154.95","130.53M","-5.57%"
"2022-5-4","166.02","159.67","166.48","159.26","108.26M","4.10%"
"2022-5-3","159.48","158.15","160.71","156.32","88.97M","0.96%"
"2022-5-2","157.96","156.71","158.23","153.27","123.06M","0.20%"
"2022-4-29","157.65","161.84","166.20","157.25","131.75M","-3.66%"
"2022-4-28","163.64","159.25","164.51","158.93","130.22M","4.52%"
"2022-4-27","156.57","155.91","159.79","155.38","88.06M","-0.15%"
"2022-4-26","156.80","162.25","162.34","156.72","95.62M","-3.73%"
"2022-4-25","162.88","161.12","163.17","158.46","96.05M","0.67%"
"2022-4-22","161.79","166.46","167.87","161.50","84.88M","-2.78%"
"2022-4-21","166.42","168.91","171.53","165.91","87.23M","-0.48%"
"2022-4-20","167.23","168.76","168.88","166.10","67.93M","-0.10%"
"2022-4-19","167.40","165.02","167.82","163.91","67.72M","1.41%"
"2022-4-18","165.07","163.92","166.60","163.57","69.02M","-0.13%"
"2022-4-14","165.29","170.62","171.27","165.04","75.33M","-3.00%"
"2022-4-13","170.40","167.39","171.04","166.77","70.62M","1.63%"
"2022-4-12","167.66","168.02","169.87","166.64","79.27M","1.15%"
"2022-4-11","165.75","168.71","169.03","165.50","72.25M","-2.55%"
"2022-4-8","170.09","171.78","171.78","169.20","76.58M","-1.19%"
"2022-4-7","172.14","171.16","173.36","169.85","77.59M","0.18%"
"2022-4-6","171.83","172.36","173.63","170.13","89.06M","-1.85%"
"2022-4-5","175.06","177.50","178.30","174.41","73.40M","-1.89%"
"2022-4-4","178.44","174.57","178.49","174.44","76.55M","2.37%"
"2022-4-1","174.31","174.03","174.88","171.94","78.75M","-0.17%"
"2022-3-31","174.61","177.84","178.03","174.40","103.05M","-1.78%"
"2022-3-30","177.77","178.55","179.61","176.70","92.63M","-0.66%"
"2022-3-29","178.96","176.69","179.01","176.34","100.59M","1.91%"
"2022-3-28","175.60","172.17","175.73","172.00","90.37M","0.50%"
"2022-3-25","174.72","173.88","175.28","172.75","80.55M","0.37%"
"2022-3-24","174.07","171.06","174.14","170.21","90.13M","2.27%"
"2022-3-23","170.21","167.99","172.64","167.65","98.06M","0.82%"
"2022-3-22","168.82","165.51","169.42","164.91","81.53M","2.08%"
"2022-3-21","165.38","163.51","166.35","163.01","95.81M","0.85%"
"2022-3-18","163.98","160.51","164.48","159.76","123.51M","2.09%"
"2022-3-17","160.62","158.61","161.00","157.63","75.62M","0.65%"
"2022-3-16","159.59","157.05","160.00","154.46","102.30M","2.90%"
"2022-3-15","155.09","150.90","155.57","150.38","92.96M","2.97%"
"2022-3-14","150.62","151.45","154.12","150.10","108.73M","-2.66%"
"2022-3-11","154.73","158.93","159.28","154.50","96.97M","-2.39%"
"2022-3-10","158.52","160.20","160.39","155.98","105.34M","-2.72%"
"2022-3-9","162.95","161.47","163.41","159.41","91.45M","3.50%"
"2022-3-8","157.44","158.82","162.88","155.80","131.15M","-1.17%"
"2022-3-7","159.30","163.36","165.02","159.04","96.42M","-2.37%"
"2022-3-4","163.17","164.49","165.55","162.10","83.82M","-1.84%"
"2022-3-3","166.23","168.47","168.91","165.55","76.68M","-0.20%"
"2022-3-2","166.56","164.39","167.36","162.95","79.72M","2.06%"
"2022-3-1","163.20","164.69","166.60","161.97","83.47M","-1.16%"
"2022-2-28","165.12","163.06","165.42","162.43","95.06M","0.16%"
"2022-2-25","164.85","163.84","165.12","160.87","91.97M","1.30%"
"2022-2-24","162.74","152.58","162.85","152.00","141.15M","1.67%"
"2022-2-23","160.07","165.54","166.15","159.75","90.01M","-2.59%"
"2022-2-22","164.32","164.98","166.69","162.15","91.16M","-1.78%"
"2022-2-18","167.30","169.82","170.54","166.19","82.77M","-0.94%"
"2022-2-17","168.88","171.03","171.91","168.47","69.59M","-2.13%"
"2022-2-16","172.55","171.85","173.34","170.05","61.18M","-0.14%"
"2022-2-15","172.79","170.97","172.95","170.25","64.29M","2.32%"
"2022-2-14","168.88","167.37","169.58","166.56","86.19M","0.14%"
"2022-2-11","168.64","172.33","173.08","168.04","98.67M","-2.02%"
"2022-2-10","172.12","174.14","175.48","171.55","90.87M","-2.36%"
"2022-2-9","176.28","176.05","176.65","174.90","71.29M","0.83%"
"2022-2-8","174.83","171.73","175.35","171.43","74.83M","1.85%"
"2022-2-7","171.66","172.86","173.95","170.95","77.25M","-0.42%"
"2022-2-4","172.39","171.68","174.10","170.68","82.47M","-0.29%"
"2022-2-3","172.90","174.48","176.24","172.12","89.42M","-1.67%"
"2022-2-2","175.84","174.75","175.88","173.33","84.91M","0.70%"
"2022-2-1","174.61","174.01","174.84","172.31","86.21M","-0.10%"
"2022-1-31","174.78","170.16","175.00","169.51","115.54M","2.61%"
"2022-1-28","170.33","165.71","170.35","162.80","179.94M","6.98%"
"2022-1-27","159.22","162.45","163.84","158.28","121.95M","-0.29%"
"2022-1-26","159.69","163.50","164.39","157.82","108.28M","-0.06%"
"2022-1-25","159.78","158.98","162.76","157.02","115.80M","-1.14%"
"2022-1-24","161.62","160.02","162.30","154.70","162.71M","-0.49%"
"2022-1-21","162.41","164.41","166.33","162.30","122.85M","-1.28%"
"2022-1-20","164.51","166.98","169.68","164.18","91.42M","-1.03%"
"2022-1-19","166.23","170.00","171.08","165.94","94.81M","-2.10%"
"2022-1-18","169.80","171.51","172.54","169.41","91.17M","-1.89%"
"2022-1-14","173.07","171.34","173.78","171.09","80.44M","0.51%"
"2022-1-13","172.19","175.78","176.62","171.79","84.51M","-1.90%"
"2022-1-12","175.53","176.12","177.18","174.82","74.81M","0.26%"
"2022-1-11","175.08","172.32","175.18","170.82","76.14M","1.68%"
"2022-1-10","172.19","169.08","172.50","168.17","106.77M","0.01%"
"2022-1-7","172.17","172.89","174.14","171.03","86.71M","0.10%"
"2022-1-6","172.00","172.70","175.30","171.64","96.90M","-1.67%"
"2022-1-5","174.92","179.61","180.17","174.64","94.54M","-2.66%"
"2022-1-4","179.70","182.63","182.94","179.12","99.31M","-1.27%"
"2022-1-3","182.01","177.83","182.88","177.71","104.70M","2.50%"
"2021-12-31","177.57","178.09","179.23","177.26","64.06M","-0.35%"
"2021-12-30","178.20","179.47","180.57","178.09","59.77M","-0.66%"
"2021-12-29","179.38","179.33","180.63","178.14","62.35M","0.05%"
"2021-12-28","179.29","180.16","181.33","178.53","79.14M","-0.58%"
"2021-12-27","180.33","177.09","180.42","177.07","74.92M","2.30%"
"2021-12-23","176.28","175.85","176.85","175.27","68.36M","0.36%"
"2021-12-22","175.64","173.04","175.86","172.15","92.14M","1.53%"
"2021-12-21","172.99","171.56","173.20","169.12","91.19M","1.91%"
"2021-12-20","169.75","168.28","170.58","167.46","107.50M","-0.81%"
"2021-12-17","171.14","169.93","173.47","169.69","195.92M","-0.65%"
"2021-12-16","172.26","179.28","181.14","170.75","150.19M","-3.93%"
"2021-12-15","179.30","175.11","179.50","172.31","131.06M","2.85%"
"2021-12-14","174.33","175.25","177.74","172.21","139.38M","-0.80%"
"2021-12-13","175.74","181.12","182.13","175.53","153.24M","-2.07%"
"2021-12-10","179.45","175.21","179.63","174.69","115.40M","2.80%"
"2021-12-9","174.56","174.91","176.75","173.92","108.92M","-0.30%"
"2021-12-8","175.08","172.12","175.96","170.70","117.00M","2.28%"
"2021-12-7","171.18","169.08","171.58","168.34","120.41M","3.54%"
"2021-12-6","165.32","164.29","167.88","164.28","107.50M","2.15%"
"2021-12-3","161.84","164.02","164.96","159.72","118.02M","-1.17%"
"2021-12-2","163.76","158.74","164.20","157.80","136.74M","-0.61%"
"2021-12-1","164.77","167.48","170.30","164.53","152.42M","-0.32%"
"2021-11-30","165.30","159.99","165.52","159.92","174.05M","3.16%"
"2021-11-29","160.24","159.37","161.19","158.79","88.75M","2.19%"
"2021-11-26","156.81","159.56","160.45","156.36","76.96M","-3.17%"
"2021-11-24","161.94","160.75","162.14","159.64","69.46M","0.33%"
"2021-11-23","161.41","161.12","161.80","159.06","96.04M","0.24%"
"2021-11-22","161.02","161.68","165.70","161.00","117.47M","0.29%"
"2021-11-19","160.55","157.65","161.02","156.53","117.31M","1.70%"
"2021-11-18","157.87","153.71","158.67","153.05","137.83M","2.85%"
"2021-11-17","153.49","151.00","155.00","150.99","88.81M","1.65%"
"2021-11-16","151.00","149.94","151.49","149.34","59.26M","0.67%"
"2021-11-15","150.00","150.37","151.88","149.43","59.22M","0.01%"
"2021-11-12","149.99","148.43","150.40","147.48","63.80M","1.43%"
"2021-11-11","147.87","148.96","149.43","147.68","41.00M","-0.03%"
"2021-11-10","147.92","150.02","150.13","147.85","65.19M","-1.92%"
"2021-11-9","150.81","150.20","151.43","150.06","56.79M","0.25%"
"2021-11-8","150.44","151.41","151.57","150.16","55.02M","-0.56%"
"2021-11-5","151.28","151.89","152.20","150.06","65.46M","0.21%"
"2021-11-4","150.96","151.58","152.43","150.64","60.39M","-0.35%"
"2021-11-3","151.49","150.39","151.97","149.82","54.51M","0.98%"
"2021-11-2","150.02","148.66","151.57","148.65","69.12M","0.71%"
"2021-11-1","148.96","148.99","149.70","147.80","74.59M","-0.56%"
"2021-10-29","149.80","147.22","149.94","146.41","124.95M","-1.82%"
"2021-10-28","152.57","149.82","153.16","149.72","100.08M","2.50%"
"2021-10-27","148.85","149.36","149.73","148.49","56.09M","-0.31%"
"2021-10-26","149.32","149.33","150.84","149.01","60.89M","0.46%"
"2021-10-25","148.64","148.68","149.37","147.62","50.72M","-0.03%"
"2021-10-22","148.69","149.69","150.18","148.64","58.88M","-0.53%"
"2021-10-21","149.48","148.81","149.64","147.87","61.42M","0.15%"
"2021-10-20","149.26","148.70","149.75","148.12","58.42M","0.34%"
"2021-10-19","148.76","147.01","149.17","146.55","76.38M","1.51%"
"2021-10-18","146.55","143.44","146.84","143.16","85.59M","1.18%"
"2021-10-15","144.84","143.77","144.90","143.51","67.94M","0.75%"
"2021-10-14","143.76","142.11","143.88","141.51","69.91M","2.02%"
"2021-10-13","140.91","141.24","141.40","139.20","78.76M","-0.42%"
"2021-10-12","141.51","143.23","143.25","141.04","73.04M","-0.91%"
"2021-10-11","142.81","142.27","144.81","141.81","64.45M","-0.06%"
"2021-10-8","142.90","144.03","144.18","142.56","58.77M","-0.27%"
"2021-10-7","143.29","143.06","144.22","142.72","61.73M","0.91%"
"2021-10-6","142.00","139.47","142.15","138.37","83.22M","0.63%"
"2021-10-5","141.11","139.49","142.24","139.36","80.86M","1.42%"
"2021-10-4","139.14","141.76","142.21","138.27","98.32M","-2.46%"
"2021-10-1","142.65","141.90","142.92","139.11","94.64M","0.81%"
"2021-9-30","141.50","143.66","144.38","141.28","89.06M","-0.93%"
"2021-9-29","142.83","142.47","144.45","142.03","74.60M","0.65%"
"2021-9-28","141.91","143.25","144.75","141.69","108.97M","-2.38%"
"2021-9-27","145.37","145.47","145.96","143.82","74.15M","-1.05%"
"2021-9-24","146.92","145.66","147.47","145.56","53.48M","0.06%"
"2021-9-23","146.83","146.65","147.08","145.64","64.84M","0.67%"
"2021-9-22","145.85","144.45","146.43","143.70","76.40M","1.69%"
"2021-9-21","143.43","143.93","144.60","142.78","75.83M","0.34%"
"2021-9-20","142.94","143.80","144.84","141.27","123.48M","-2.14%"
"2021-9-17","146.06","148.82","148.82","145.76","129.87M","-1.83%"
"2021-9-16","148.79","148.44","148.97","147.22","68.03M","-0.16%"
"2021-9-15","149.03","148.56","149.44","146.37","83.28M","0.61%"
"2021-9-14","148.12","150.35","151.07","146.91","109.30M","-0.96%"
"2021-9-13","149.55","150.63","151.42","148.75","102.40M","0.39%"
"2021-9-10","148.97","155.00","155.48","148.70","140.89M","-3.31%"
"2021-9-9","154.07","155.49","156.11","153.95","57.31M","-0.67%"
"2021-9-8","155.11","156.98","157.04","153.97","74.42M","-1.01%"
"2021-9-7","156.69","154.97","157.26","154.39","82.28M","1.55%"
"2021-9-3","154.30","153.76","154.63","153.09","57.87M","0.42%"
"2021-9-2","153.65","153.87","154.72","152.40","71.17M","0.75%"
"2021-9-1","152.51","152.83","154.98","152.34","80.31M","0.45%"
"2021-8-31","151.83","152.66","152.80","151.29","86.45M","-0.84%"
"2021-8-30","153.12","149.00","153.49","148.61","90.96M","3.04%"
"2021-8-27","148.60","147.48","148.75","146.83","55.80M","0.72%"
"2021-8-26","147.54","148.35","149.12","147.51","48.60M","-0.55%"
"2021-8-25","148.36","149.81","150.32","147.80","58.99M","-0.84%"
"2021-8-24","149.62","149.45","150.86","149.15","48.61M","-0.06%"
"2021-8-23","149.71","148.31","150.19","147.89","60.13M","1.03%"
"2021-8-20","148.19","147.44","148.50","146.78","60.55M","1.02%"
"2021-8-19","146.70","145.03","148.00","144.50","86.96M","0.23%"
"2021-8-18","146.36","149.80","150.72","146.15","86.33M","-2.55%"
"2021-8-17","150.19","150.23","151.68","149.09","92.23M","-0.62%"
"2021-8-16","151.12","148.53","151.19","146.47","103.56M","1.35%"
"2021-8-13","149.10","148.97","149.44","148.27","59.38M","0.14%"
"2021-8-12","148.89","146.19","149.05","145.84","73.78M","2.08%"
"2021-8-11","145.86","146.05","146.72","145.53","48.49M","0.18%"
"2021-8-10","145.60","146.44","147.71","145.30","69.02M","-0.34%"
"2021-8-9","146.09","146.20","146.70","145.52","48.91M","-0.03%"
"2021-8-6","146.14","146.35","147.11","145.63","54.13M","-0.63%"
"2021-8-5","147.06","146.98","147.84","146.17","46.40M","0.07%"
"2021-8-4","146.95","147.27","147.79","146.28","56.37M","-0.28%"
"2021-8-3","147.36","145.81","148.04","145.18","64.79M","1.26%"
"2021-8-2","145.52","146.36","146.95","145.25","62.88M","-0.23%"
"2021-7-30","145.86","144.38","146.33","144.11","70.44M","0.15%"
"2021-7-29","145.64","144.69","146.55","144.58","56.70M","0.46%"
"2021-7-28","144.98","144.81","146.97","142.54","118.93M","-1.22%"
"2021-7-27","146.77","149.12","149.21","145.55","104.82M","-1.49%"
"2021-7-26","148.99","148.27","149.83","147.70","72.43M","0.29%"
"2021-7-23","148.56","147.55","148.72","146.92","71.45M","1.20%"
"2021-7-22","146.80","145.94","148.19","145.81","77.34M","0.96%"
"2021-7-21","145.40","145.53","146.13","144.63","74.99M","-0.51%"
"2021-7-20","146.15","143.46","147.10","142.96","96.35M","2.60%"
"2021-7-19","142.45","143.75","144.07","141.67","121.43M","-2.69%"
"2021-7-16","146.39","148.46","149.76","145.88","93.25M","-1.41%"
"2021-7-15","148.48","149.24","150.00","147.09","106.82M","-0.45%"
"2021-7-14","149.15","148.10","149.57","147.68","127.05M","2.41%"
"2021-7-13","145.64","144.03","147.46","143.63","100.83M","0.79%"
"2021-7-12","144.50","146.21","146.32","144.00","76.30M","-0.42%"
"2021-7-9","145.11","142.75","145.65","142.65","99.89M","1.31%"
"2021-7-8","143.24","141.58","144.06","140.66","105.58M","-0.92%"
"2021-7-7","144.57","143.53","144.89","142.66","104.91M","1.80%"
"2021-7-6","142.02","140.07","143.15","140.07","108.18M","1.47%"
"2021-7-2","139.96","137.90","140.00","137.75","78.95M","1.96%"
"2021-7-1","137.27","136.60","137.33","135.76","52.49M","0.23%"
"2021-6-30","136.96","136.17","137.41","135.87","63.26M","0.46%"
"2021-6-29","136.33","134.80","136.49","134.35","64.56M","1.15%"
"2021-6-28","134.78","133.41","135.25","133.35","62.11M","1.25%"
"2021-6-25","133.11","133.46","133.89","132.81","70.78M","-0.22%"
"2021-6-24","133.41","134.45","134.64","132.93","68.71M","-0.22%"
"2021-6-23","133.70","133.77","134.32","133.23","60.21M","-0.21%"
"2021-6-22","133.98","132.13","134.08","131.62","74.78M","1.27%"
"2021-6-21","132.30","130.30","132.41","129.21","79.66M","1.41%"
"2021-6-18","130.46","130.71","131.51","130.24","108.95M","-1.01%"
"2021-6-17","131.79","129.80","132.55","129.65","96.72M","1.26%"
"2021-6-16","130.15","130.37","130.89","128.46","91.82M","0.39%"
"2021-6-15","129.64","129.94","130.60","129.39","62.75M","-0.64%"
"2021-6-14","130.48","127.82","130.54","127.07","96.91M","2.46%"
"2021-6-11","127.35","126.53","127.44","126.10","53.52M","0.98%"
"2021-6-10","126.11","127.02","128.19","125.94","71.19M","-0.80%"
"2021-6-9","127.13","127.21","127.75","126.52","56.88M","0.31%"
"2021-6-8","126.74","126.60","128.46","126.21","74.40M","0.67%"
"2021-6-7","125.90","126.17","126.32","124.83","71.06M","0.01%"
"2021-6-4","125.89","124.07","126.16","123.85","75.17M","1.90%"
"2021-6-3","123.54","124.68","124.85","123.13","76.23M","-1.22%"
"2021-6-2","125.06","124.28","125.24","124.05","59.28M","0.63%"
"2021-6-1","124.28","125.08","125.35","123.94","67.64M","-0.26%"
"2021-5-28","124.61","125.57","125.80","124.55","71.31M","-0.53%"
"2021-5-27","125.28","126.44","127.64","125.08","94.63M","-1.24%"
"2021-5-26","126.85","126.95","127.39","126.42","56.58M","-0.04%"
"2021-5-25","126.90","127.82","128.32","126.32","72.01M","-0.16%"
"2021-5-24","127.10","126.01","127.94","125.94","63.09M","1.33%"
"2021-5-21","125.43","127.82","128.00","125.21","79.30M","-1.48%"
"2021-5-20","127.31","125.23","127.72","125.10","76.86M","2.10%"
"2021-5-19","124.69","123.16","124.92","122.86","92.61M","-0.13%"
"2021-5-18","124.85","126.56","126.99","124.78","63.34M","-1.12%"
"2021-5-17","126.27","126.82","126.93","125.17","74.24M","-0.93%"
"2021-5-14","127.45","126.25","127.89","125.85","81.92M","1.98%"
"2021-5-13","124.97","124.58","126.15","124.26","105.86M","1.79%"
"2021-5-12","122.77","123.40","124.64","122.25","112.17M","-2.49%"
"2021-5-11","125.91","123.50","126.27","122.77","126.14M","-0.74%"
"2021-5-10","126.85","129.41","129.54","126.81","88.07M","-2.58%"
"2021-5-7","130.21","130.85","131.26","129.47","78.97M","0.36%"
"2021-5-6","129.74","127.89","129.75","127.13","78.13M","1.28%"
"2021-5-5","128.10","129.20","130.45","127.97","84.00M","0.20%"
"2021-5-4","127.85","131.19","131.49","126.70","137.56M","-3.54%"
"2021-5-3","132.54","132.04","134.07","131.83","75.14M","0.82%"
"2021-4-30","131.46","131.78","133.56","131.06","109.84M","-1.51%"
"2021-4-29","133.48","136.47","137.07","132.45","151.10M","-0.07%"
"2021-4-28","133.58","134.31","135.02","133.08","107.76M","-0.60%"
"2021-4-27","134.39","135.01","135.41","134.11","66.02M","-0.24%"
"2021-4-26","134.72","134.83","135.06","133.56","66.91M","0.30%"
"2021-4-23","134.32","132.16","135.12","132.16","78.76M","1.80%"
"2021-4-22","131.94","133.04","134.15","131.41","84.57M","-1.17%"
"2021-4-21","133.50","132.36","133.75","131.30","68.85M","0.29%"
"2021-4-20","133.11","135.02","135.53","131.81","94.81M","-1.28%"
"2021-4-19","134.84","133.51","135.47","133.34","94.26M","0.51%"
"2021-4-16","134.16","134.30","134.67","133.28","84.92M","-0.25%"
"2021-4-15","134.50","133.82","135.00","133.64","89.35M","1.87%"
"2021-4-14","132.03","134.94","135.00","131.66","87.22M","-1.79%"
"2021-4-13","134.43","132.44","134.66","131.93","91.27M","2.43%"
"2021-4-12","131.24","132.52","132.85","130.63","91.42M","-1.32%"
"2021-4-9","133.00","129.80","133.04","129.47","106.69M","2.03%"
"2021-4-8","130.36","128.95","130.39","128.52","88.84M","1.92%"
"2021-4-7","127.90","125.83","127.92","125.14","83.47M","1.34%"
"2021-4-6","126.21","126.50","127.13","125.65","80.17M","0.25%"
"2021-4-5","125.90","123.87","126.16","123.07","88.65M","2.36%"
"2021-4-1","123.00","123.66","124.18","122.49","75.09M","0.70%"
"2021-3-31","122.15","121.65","123.52","121.15","118.32M","1.88%"
"2021-3-30","119.90","120.11","120.40","118.86","85.67M","-1.23%"
"2021-3-29","121.39","121.65","122.58","120.73","80.82M","0.15%"
"2021-3-26","121.21","120.35","121.48","118.92","94.07M","0.51%"
"2021-3-25","120.59","119.54","121.66","119.00","98.84M","0.42%"
"2021-3-24","120.09","122.82","122.90","120.06","88.53M","-2.00%"
"2021-3-23","122.54","123.33","124.24","122.14","95.47M","-0.69%"
"2021-3-22","123.39","120.33","123.87","120.26","111.91M","2.83%"
"2021-3-19","119.99","119.90","121.43","119.67","185.55M","-0.45%"
"2021-3-18","120.53","122.88","123.18","120.32","121.47M","-3.39%"
"2021-3-17","124.76","124.05","125.86","122.34","111.93M","-0.65%"
"2021-3-16","125.57","125.70","127.22","124.72","115.23M","1.27%"
"2021-3-15","123.99","121.41","124.00","120.42","92.59M","2.45%"
"2021-3-12","121.03","120.40","121.17","119.16","88.11M","-0.76%"
"2021-3-11","121.96","122.54","123.21","121.26","103.03M","1.65%"
"2021-3-10","119.98","121.69","122.17","119.45","111.94M","-0.91%"
"2021-3-9","121.08","119.03","122.06","118.79","129.53M","4.06%"
"2021-3-8","116.36","120.93","121.00","116.21","154.38M","-4.17%"
"2021-3-5","121.42","120.98","121.94","117.57","153.77M","1.07%"
"2021-3-4","120.13","121.75","123.60","118.62","178.15M","-1.58%"
"2021-3-3","122.06","124.81","125.71","121.84","112.97M","-2.45%"
"2021-3-2","125.12","128.41","128.72","125.01","102.26M","-2.09%"
"2021-3-1","127.79","123.75","127.93","122.79","116.31M","5.39%"
"2021-2-26","121.26","122.59","124.85","121.20","164.56M","0.22%"
"2021-2-25","120.99","124.68","126.46","120.54","148.20M","-3.48%"
"2021-2-24","125.35","124.94","125.56","122.23","111.04M","-0.41%"
"2021-2-23","125.86","123.76","126.71","118.39","158.27M","-0.11%"
"2021-2-22","126.00","128.01","129.72","125.60","103.92M","-2.98%"
"2021-2-19","129.87","130.24","130.71","128.80","87.67M","0.12%"
"2021-2-18","129.71","129.20","130.00","127.41","96.86M","-0.86%"
"2021-2-17","130.84","131.25","132.22","129.47","98.09M","-1.76%"
"2021-2-16","133.19","135.49","136.01","132.79","80.58M","-1.61%"
"2021-2-12","135.37","134.35","135.53","133.69","60.15M","0.18%"
"2021-2-11","135.13","135.90","136.39","133.77","64.28M","-0.19%"
"2021-2-10","135.39","136.48","136.99","134.40","73.05M","-0.46%"
"2021-2-9","136.01","136.62","137.88","135.85","76.77M","-0.66%"
"2021-2-8","136.91","136.03","136.96","134.92","71.30M","0.11%"
"2021-2-5","136.76","137.35","137.42","135.86","75.69M","-0.46%"
"2021-2-4","137.39","136.30","137.40","134.59","84.18M","2.58%"
"2021-2-3","133.94","135.76","135.77","133.61","89.88M","-0.78%"
"2021-2-2","134.99","135.73","136.31","134.61","83.31M","0.63%"
"2021-2-1","134.14","133.75","135.38","130.93","106.24M","1.65%"
"2021-1-29","131.96","135.83","136.74","130.21","177.52M","-3.74%"
"2021-1-28","137.09","139.52","141.99","136.70","142.62M","-3.50%"
"2021-1-27","142.06","143.43","144.30","140.41","140.84M","-0.77%"
"2021-1-26","143.16","143.60","144.30","141.37","98.39M","0.17%"
"2021-1-25","142.92","143.07","145.09","136.54","157.61M","2.77%"
"2021-1-22","139.07","136.28","139.85","135.02","114.46M","1.61%"
"2021-1-21","136.87","133.80","139.67","133.59","120.53M","3.67%"
"2021-1-20","132.03","128.66","132.49","128.55","104.32M","3.29%"
"2021-1-19","127.83","127.78","128.71","126.94","90.76M","0.54%"
"2021-1-15","127.14","128.78","130.22","127.00","111.60M","-1.37%"
"2021-1-14","128.91","130.80","131.00","128.76","90.22M","-1.51%"
"2021-1-13","130.89","128.76","131.45","128.49","88.64M","1.62%"
"2021-1-12","128.80","128.50","129.69","126.86","91.95M","-0.14%"
"2021-1-11","128.98","129.19","130.17","128.50","100.62M","-2.32%"
"2021-1-8","132.05","132.43","132.63","130.23","105.16M","0.86%"
"2021-1-7","130.92","128.36","131.63","127.86","109.58M","3.41%"
"2021-1-6","126.60","127.72","131.05","126.38","155.09M","-3.37%"
"2021-1-5","131.01","128.89","131.74","128.43","97.66M","1.24%"
"2021-1-4","129.41","133.52","133.61","126.76","143.30M","-2.47%"